initial_cash,ending_cash,total_pnl,return_pct,total_trades,total_rejections
100000.0,209363.25289774855,109363.25289774853,1.0936325289774853,11,0
