split,regime_label,trade_count,weighted_net_sum,median_net_return,win_rate
is,DRAWDOWN_STRESS,5,-0.1004025700714518,-0.04529411764705889,0.0
oos,DRAWDOWN_STRESS,2,0.11562899906454628,0.28907249766136567,0.5
oos,RECOVERY_BOUNCE,8,0.05314854729110688,-0.02109870642295704,0.375
