component_id,component_template,weighted_net_return
28fb7b03aa56a91e,Momentum,0.3284630550987685
acc065823d9dcfb7,Momentum,0.3284630550987685
a42078cbf0a2ea94,Mean Reversion,-0.16671241444495427
