component_template,trades,weighted_net,win_rate
Momentum,42,0.656926110197537,0.38095238095238093
Mean Reversion,19,-0.16671241444495427,0.3684210526315789
