component_id,bcfc1ff3b7cf8a4a,9c7fb1982851f609,dcfbeec9cf4c5190
bcfc1ff3b7cf8a4a,1.0,0.08366032047516665,0.7673543921433137
9c7fb1982851f609,0.08366032047516665,1.0,0.09415717110388706
dcfbeec9cf4c5190,0.7673543921433137,0.09415717110388706,1.0
