{
  "by_symbol": {
    "AGIO": 0.009660565257373147,
    "AQST": -0.5660864261952055,
    "ASND": 0.05749701712250907,
    "CAPR": -0.39859999800145185,
    "CING": -0.312934428184287,
    "DNLI": -0.03160949869930473,
    "FBIO": 0.026576836035741944,
    "GKOS": -0.12849834515767336,
    "KALV": 0.07823459146002107,
    "MIST": 0.32181789019473717,
    "OTLK": 0.19908947939428884,
    "PTCT": 0.020401988559278147,
    "RARE": -0.20798400432121575,
    "REPL": 0.20195300827093357,
    "SNDX": 0.1400045448944362,
    "SUPN": 0.07751121635513952,
    "TNXP": 1.362388940259515,
    "UNCY": 0.07714026338711251
  },
  "decision": "TRADABLE_ONLY_ROBUSTNESS_DIAGNOSTIC_BLOCK_PROMOTION",
  "ex_top1_weighted_net_return_sum": -0.4358252996275671,
  "ex_top3_weighted_net_return_sum": -0.9595961980932379,
  "top3_contribution_share": 2.0356506083475936,
  "top3_events": [
    [
      "HYB-PDUFA-005",
      1.362388940259515
    ],
    [
      "HYB-PDUFA-010",
      0.32181789019473717
    ],
    [
      "HYB-PDUFA-004",
      0.20195300827093357
    ]
  ],
  "top_event": [
    "HYB-PDUFA-005",
    1.362388940259515
  ],
  "top_event_contribution_share": 1.4703673665959085,
  "total_weighted_net_return_sum": 0.926563640631948
}
