{
  "best_basket_component_ids": [
    "FACTORY-e62a48e2d142923e",
    "FACTORY-fab94445f0b51fdf",
    "FACTORY-119d99f730b677f6"
  ],
  "best_component_labels": [
    "Factory Momentum 180d 100bps (Momentum, FACTOR)",
    "Factory Mean Reversion 180d 100bps (Mean Reversion, FACTOR)",
    "Factory Dollar-Bar Microstructure 180d 100bps (Dollar-Bar Microstructure, FACTOR)"
  ],
  "best_summary": {
    "average_abs_correlation": 0.13401519,
    "component_count": 3,
    "ex_best_net_return": 468.9652275,
    "max_drawdown": -12.2183118,
    "stressed_net_return": 470.4604534,
    "top_component_contribution": 0.60954173,
    "total_net_return": 480.4254534,
    "train_net_return": 179.0800638,
    "validation_net_return": 301.3453896
  },
  "evaluated_candidate_count": 3223,
  "excluded_component_ids": [
    "bc79985845236f4a",
    "FACTORY-44336afe577baf16",
    "FACTORY-4c337763d226e0e4",
    "FACTORY-fcc65b33bba2a984",
    "FACTORY-778a7498ad44efbb",
    "FACTORY-5e3bba4315fd435f",
    "FACTORY-1ae9c3303191d694",
    "FACTORY-b156c56670aac97e",
    "08a55727092fc895",
    "faf6a5f0b841f6f7",
    "acc065823d9dcfb7",
    "a0cc249592a067f4",
    "FACTORY-809ae08874ff229c",
    "FACTORY-4478d675ccfafd31",
    "FACTORY-3b82ee277a85c752",
    "FACTORY-37370ef762fec428",
    "6b50c641a4eaf53e",
    "4087717bb62f6610",
    "FACTORY-3a4646fedbd66e5c",
    "fda6a92d0fdc1a1d",
    "bec60afef14416c2",
    "FACTORY-609f9af8970bab77",
    "dcfbeec9cf4c5190",
    "43624c56813e9304",
    "FACTORY-3649fae5bc1b7b74",
    "394fda88ef8296bd",
    "55727f67f28b0c3c",
    "900a378c15b3392e",
    "3dced0f5393fe8c6",
    "FACTORY-3d1034410d11b1be",
    "FACTORY-5138428531b2cbc4",
    "FACTORY-d6e26b4dde83c8b0",
    "FACTORY-706cdbf4b53724c8",
    "0b596d1ce6d258c0",
    "FACTORY-2fdf6c07a3bcb68d",
    "FACTORY-2306e8d8b69f7be8",
    "193d919e20e40e73",
    "FACTORY-91da581313704e54",
    "10c52726d554590d",
    "dd95aab5d08306e1",
    "FACTORY-bda4a6a967022002",
    "FACTORY-efba882cb8ce39ad",
    "FACTORY-d5a39d7a88bc24cf",
    "6a116a4eef3afb73",
    "2902e60324bd4c13",
    "FACTORY-2c22961973d6b9d9",
    "FACTORY-f497e801a04a00ac",
    "FACTORY-9d39f00e50a7ff49",
    "FACTORY-206f18f4951cd8c9",
    "FACTORY-582e3b9b11091a1b",
    "FACTORY-30088dc93bd4a178",
    "bcfc1ff3b7cf8a4a",
    "23ff266a203fea0d",
    "FACTORY-54f51ccfae2851ab",
    "FACTORY-8f5d4e1caeb5c929",
    "a669c488d63a2146",
    "672c7336643b6bf1",
    "FACTORY-a48667d59c0341c7",
    "FACTORY-0584cabbb54594ec",
    "FACTORY-eeb9cda10c3c0728",
    "FACTORY-a7e09015bc37f943",
    "FACTORY-48f166c1c0802b66",
    "FACTORY-18898b7dda64c53e",
    "28a0d94ccf2a6c08",
    "9c7fb1982851f609",
    "FACTORY-1ccb2e9a10bbb66a",
    "FACTORY-b0c7f10acd2e2fd1",
    "FACTORY-9aa27ed14e743eb8",
    "FACTORY-0893167e5b3cd58e",
    "FACTORY-171e0565d482ba59",
    "FACTORY-7719d5fc2dc12422",
    "FACTORY-71fd1cd246f2c826",
    "2496e35863212c76",
    "f173207ae9bd5ccd",
    "FACTORY-988575baf49a4912",
    "2323ad38b0557437",
    "FACTORY-012e1765b0c286d8",
    "292441755c5ffdcc",
    "FACTORY-d56c84f26c9de3df",
    "FACTORY-5d7bb4d4fecbd758",
    "aeb3c97678fffc03",
    "ef3f1ebb21d03d5c",
    "FACTORY-198fb8b93bd75fa6",
    "bfe638853ce4a153",
    "409ca5c54a3efce7",
    "FACTORY-45e90ef62971498a",
    "FACTORY-633e2bb05655049f",
    "FACTORY-d29d63f253ebe744",
    "91510d8163e121fc",
    "8bf949936eddd596",
    "FACTORY-76753375415f5dd7",
    "eeb44b96bbac9604",
    "680166d42265ad55",
    "FACTORY-5362cd2ae855e220",
    "816022f1cffa8310",
    "FACTORY-115ab24aa842c356",
    "277f5aa08f7f9d9c",
    "adcb9498d7e107c0",
    "FACTORY-58ad0155348a2440",
    "FACTORY-08078fc67cfbc038",
    "FACTORY-9b84bf90cdccb0ca",
    "FACTORY-8413ce13dec443e3",
    "FACTORY-014d208df652e32d",
    "FACTORY-32cddb18e173d6a5",
    "FACTORY-3f5b5e2af7a3e0ce",
    "13040f5119f7c906",
    "e8cde4045a54b14a",
    "FACTORY-0971e80d69e19c37",
    "FACTORY-7913b08e73e03618",
    "FACTORY-673b8aef9706882d",
    "FACTORY-8dd755e2f8762126",
    "FACTORY-48339998c1f9883a",
    "FACTORY-856e9c303c706b2e",
    "FACTORY-7beb5d7a8b8038c1",
    "FACTORY-1429370489f690ad",
    "FACTORY-0a8b76d8e9c965be",
    "FACTORY-b2571eb4e48ee3fb",
    "FACTORY-f5a25236baf342cd",
    "4af74041e1d28933",
    "FACTORY-35eb7c5efc5da071",
    "FACTORY-9984f12dca8c403a",
    "FACTORY-171ac28e5b423f68",
    "FACTORY-8e82b9153214d439",
    "0dc08daefa67c12e",
    "f884aeb8a0a20815",
    "FACTORY-f186683398e16f3a",
    "FACTORY-4c63f4888d4676d6",
    "FACTORY-ecad2c3432587025",
    "FACTORY-ef2dfa466e3b0e52",
    "FACTORY-eecffd9fc1c8db58",
    "FACTORY-f9d708e9710586da",
    "FACTORY-98998cc2ab40632e",
    "208d36ae3c31f890",
    "fad9ff0f91ecab15",
    "FACTORY-6ee5b751639cff9d",
    "FACTORY-d1893fa9808889ff",
    "FACTORY-e1db06c5156f7149",
    "FACTORY-a8ba3464fded3edb",
    "FACTORY-dea4cd8697c22ed5",
    "FACTORY-2fa84d3e324d0ad1",
    "FACTORY-511e400b5c4a876b",
    "FACTORY-242ddc7a506aa7ba",
    "FACTORY-832e69dd8d7cef92",
    "FACTORY-d028fe234d674df1",
    "FACTORY-4f2398b6e0f737a6",
    "FACTORY-01ccbce77e85e306",
    "FACTORY-40d2b4dfba0a074d",
    "FACTORY-8947ce22b80b9ee1",
    "FACTORY-6e4f085c13e95091",
    "FACTORY-8c53f735cf806348",
    "FACTORY-936855ed5bd59a5a",
    "a37a53c4e1fce137",
    "FACTORY-0a068c8a27ef583b",
    "FACTORY-72fadb6d71c63049",
    "FACTORY-cb9267a22681d28d"
  ],
  "exhaustive_within_search_pool": true,
  "objective": "maximize validation-weighted robust score after duplicate removal, cost stress, contribution concentration, and correlation penalties",
  "optimization_allowed": false,
  "overfit_controls": {
    "dedupe_before_search": true,
    "diagnostic_only": true,
    "max_candidates": 5000,
    "max_search_pool_size": 12,
    "max_subset_size": 7,
    "no_market_data_download": true,
    "no_provider_query": true,
    "promotion_locked_false": true,
    "why_not_full_optimization": "A fully flexible optimizer would overfit saved dry-run artifacts and manufacture fake edge."
  },
  "promotion_allowed": false,
  "search_performed": true,
  "search_pool_component_ids": [
    "FACTORY-e62a48e2d142923e",
    "FACTORY-fab94445f0b51fdf",
    "FACTORY-6a8afca3951761f9",
    "FACTORY-048d754979815760",
    "FACTORY-119d99f730b677f6",
    "FACTORY-0391e93ebbeb1f98",
    "FACTORY-4374f4a63472e9d1",
    "FACTORY-a26c47e6385e2c63",
    "FACTORY-2ed1639d36c6b44c",
    "FACTORY-7a19d9d29f26229e",
    "FACTORY-7d7fc107faf661dc",
    "FACTORY-58fde2142f9a24a0"
  ],
  "selection_rule": "predeclared_robust_score_no_promotion",
  "top_candidates": [
    {
      "component_ids": [
        "FACTORY-e62a48e2d142923e",
        "FACTORY-fab94445f0b51fdf",
        "FACTORY-119d99f730b677f6"
      ],
      "robust_score": 568.49397224,
      "summary": {
        "average_abs_correlation": 0.13401519,
        "component_count": 3,
        "ex_best_net_return": 468.9652275,
        "max_drawdown": -12.2183118,
        "stressed_net_return": 470.4604534,
        "top_component_contribution": 0.60954173,
        "total_net_return": 480.4254534,
        "train_net_return": 179.0800638,
        "validation_net_return": 301.3453896
      }
    },
    {
      "component_ids": [
        "FACTORY-e62a48e2d142923e",
        "FACTORY-fab94445f0b51fdf",
        "FACTORY-6a8afca3951761f9"
      ],
      "robust_score": 567.7992904,
      "summary": {
        "average_abs_correlation": 0.20899031,
        "component_count": 3,
        "ex_best_net_return": 472.6413705,
        "max_drawdown": -11.188848,
        "stressed_net_return": 471.9309106,
        "top_component_contribution": 0.60768178,
        "total_net_return": 481.8959106,
        "train_net_return": 185.0575476,
        "validation_net_return": 296.838363
      }
    },
    {
      "component_ids": [
        "FACTORY-e62a48e2d142923e",
        "FACTORY-fab94445f0b51fdf",
        "FACTORY-048d754979815760"
      ],
      "robust_score": 567.7992904,