{
  "best_basket_component_ids": [
    "FACTORY-e62a48e2d142923e",
    "FACTORY-fab94445f0b51fdf",
    "FACTORY-119d99f730b677f6"
  ],
  "best_component_labels": [
    "Factory Momentum 180d 100bps (Momentum, F-e62a48)",
    "Factory Mean Reversion 180d 100bps (Mean Reversion, F-fab944)",
    "Factory Dollar-Bar Microstructure 180d 100bps (Dollar-Bar Microstructure, F-119d99)"
  ],
  "best_summary": {
    "average_abs_correlation": 0.1345941,
    "component_count": 3,
    "ex_best_net_return": 468.9652275,
    "max_drawdown": -12.2183118,
    "stressed_net_return": 470.3154534,
    "top_component_contribution": 0.60954173,
    "total_net_return": 480.4254534,
    "train_net_return": 157.7257844,
    "validation_net_return": 322.699669
  },
  "evaluated_candidate_count": 3223,
  "excluded_component_ids": [
    "bc79985845236f4a",
    "FACTORY-44336afe577baf16",
    "FACTORY-4c337763d226e0e4",
    "FACTORY-fcc65b33bba2a984",
    "FACTORY-778a7498ad44efbb",
    "FACTORY-5e3bba4315fd435f",
    "FACTORY-1ae9c3303191d694",
    "FACTORY-b156c56670aac97e",
    "08a55727092fc895",
    "faf6a5f0b841f6f7",
    "acc065823d9dcfb7",
    "a0cc249592a067f4",
    "FACTORY-809ae08874ff229c",
    "FACTORY-4478d675ccfafd31",
    "FACTORY-3b82ee277a85c752",
    "FACTORY-37370ef762fec428",
    "6b50c641a4eaf53e",
    "4087717bb62f6610",
    "FACTORY-3a4646fedbd66e5c",
    "fda6a92d0fdc1a1d",
    "bec60afef14416c2",
    "FACTORY-609f9af8970bab77",
    "dcfbeec9cf4c5190",
    "FACTORY-3649fae5bc1b7b74",
    "394fda88ef8296bd",
    "55727f67f28b0c3c",
    "900a378c15b3392e",
    "3dced0f5393fe8c6",
    "FACTORY-3d1034410d11b1be",
    "FACTORY-5138428531b2cbc4",
    "FACTORY-d6e26b4dde83c8b0",
    "FACTORY-706cdbf4b53724c8",
    "0b596d1ce6d258c0",
    "FACTORY-2fdf6c07a3bcb68d",
    "FACTORY-2306e8d8b69f7be8",
    "193d919e20e40e73",
    "FACTORY-91da581313704e54",
    "10c52726d554590d",
    "dd95aab5d08306e1",
    "FACTORY-bda4a6a967022002",
    "FACTORY-efba882cb8ce39ad",
    "FACTORY-d5a39d7a88bc24cf",
    "6a116a4eef3afb73",
    "2902e60324bd4c13",
    "FACTORY-2c22961973d6b9d9",
    "FACTORY-f497e801a04a00ac",
    "FACTORY-9d39f00e50a7ff49",
    "FACTORY-206f18f4951cd8c9",
    "FACTORY-582e3b9b11091a1b",
    "FACTORY-30088dc93bd4a178",
    "bcfc1ff3b7cf8a4a",
    "23ff266a203fea0d",
    "FACTORY-54f51ccfae2851ab",
    "a669c488d63a2146",
    "672c7336643b6bf1",
    "FACTORY-a48667d59c0341c7",
    "FACTORY-0584cabbb54594ec",
    "FACTORY-eeb9cda10c3c0728",
    "28a0d94ccf2a6c08",
    "9c7fb1982851f609",
    "FACTORY-1ccb2e9a10bbb66a",
    "FACTORY-9aa27ed14e743eb8",
    "FACTORY-71fd1cd246f2c826",
    "2496e35863212c76",
    "f173207ae9bd5ccd",
    "FACTORY-988575baf49a4912",
    "FACTORY-012e1765b0c286d8",
    "292441755c5ffdcc",
    "aeb3c97678fffc03",
    "ef3f1ebb21d03d5c",
    "bfe638853ce4a153",
    "409ca5c54a3efce7",
    "FACTORY-45e90ef62971498a",
    "FACTORY-633e2bb05655049f",
    "FACTORY-d29d63f253ebe744",
    "91510d8163e121fc",
    "8bf949936eddd596",
    "FACTORY-76753375415f5dd7",
    "eeb44b96bbac9604",
    "680166d42265ad55",
    "816022f1cffa8310",
    "277f5aa08f7f9d9c",
    "adcb9498d7e107c0",
    "FACTORY-58ad0155348a2440",
    "FACTORY-08078fc67cfbc038",
    "FACTORY-9b84bf90cdccb0ca",
    "13040f5119f7c906",
    "e8cde4045a54b14a",
    "FACTORY-673b8aef9706882d",
    "FACTORY-8dd755e2f8762126",
    "FACTORY-0a8b76d8e9c965be",
    "FACTORY-f5a25236baf342cd",
    "0dc08daefa67c12e",
    "f884aeb8a0a20815",
    "FACTORY-f186683398e16f3a",
    "FACTORY-4c63f4888d4676d6",
    "FACTORY-eecffd9fc1c8db58",
    "208d36ae3c31f890",
    "fad9ff0f91ecab15",
    "FACTORY-6ee5b751639cff9d",
    "FACTORY-d1893fa9808889ff",
    "FACTORY-e1db06c5156f7149",
    "FACTORY-a8ba3464fded3edb",
    "FACTORY-242ddc7a506aa7ba",
    "FACTORY-832e69dd8d7cef92",
    "FACTORY-4f2398b6e0f737a6",
    "FACTORY-6e4f085c13e95091",
    "a37a53c4e1fce137"
  ],
  "exhaustive_within_search_pool": true,
  "objective": "maximize validation-weighted robust score after duplicate removal, cost stress, contribution concentration, and correlation penalties",
  "optimization_allowed": false,
  "overfit_controls": {
    "dedupe_before_search": true,
    "diagnostic_only": true,
    "max_candidates": 5000,
    "max_search_pool_size": 12,
    "max_subset_size": 7,
    "no_market_data_download": true,
    "no_provider_query": true,
    "promotion_locked_false": true,
    "why_not_full_optimization": "A fully flexible optimizer would overfit saved dry-run artifacts and manufacture fake edge."
  },
  "promotion_allowed": false,
  "search_performed": true,
  "search_pool_component_ids": [
    "FACTORY-e62a48e2d142923e",
    "FACTORY-fab94445f0b51fdf",
    "FACTORY-6a8afca3951761f9",
    "FACTORY-048d754979815760",
    "FACTORY-119d99f730b677f6",
    "FACTORY-0391e93ebbeb1f98",
    "FACTORY-4374f4a63472e9d1",
    "FACTORY-a26c47e6385e2c63",
    "FACTORY-2ed1639d36c6b44c",
    "FACTORY-7a19d9d29f26229e",
    "FACTORY-7d7fc107faf661dc",
    "FACTORY-58fde2142f9a24a0"
  ],
  "selection_rule": "predeclared_robust_score_no_promotion",
  "top_candidates": [
    {
      "component_ids": [
        "FACTORY-e62a48e2d142923e",
        "FACTORY-fab94445f0b51fdf",
        "FACTORY-119d99f730b677f6"
      ],
      "robust_score": 584.47343179,
      "summary": {
        "average_abs_correlation": 0.1345941,
        "component_count": 3,
        "ex_best_net_return": 468.9652275,
        "max_drawdown": -12.2183118,
        "stressed_net_return": 470.3154534,
        "top_component_contribution": 0.60954173,
        "total_net_return": 480.4254534,
        "train_net_return": 157.7257844,
        "validation_net_return": 322.699669
      }
    },
    {
      "component_ids": [
        "FACTORY-e62a48e2d142923e",
        "FACTORY-fab94445f0b51fdf",
        "FACTORY-6a8afca3951761f9"
      ],
      "robust_score": 583.91378445,
      "summary": {
        "average_abs_correlation": 0.20954785,
        "component_count": 3,
        "ex_best_net_return": 472.6413705,
        "max_drawdown": -11.188848,
        "stressed_net_return": 471.7859106,
        "top_component_contribution": 0.60768178,
        "total_net_return": 481.8959106,
        "train_net_return": 163.5232222,
        "validation_net_return": 318.3726884
      }
    },
    {
      "component_ids": [
        "FACTORY-e62a48e2d142923e",
        "FACTORY-fab94445f0b51fdf",
        "FACTORY-048d754979815760"
      ],
      "robust_score": 583.91378445,
      "summary": {
        "average_abs_correlation": 0.20954785,
        "component_count": 3,
        "ex_best_net_return": 472.6413705,
        "max_drawdown": -11.188848,
        "stressed_net_return": 471.7859106,
        "top_component_contribution": 0.60768178,
        "total_net_return": 481.8959106,
        "train_net_return": 163.5232222,
        "validation_net_return": 318.3726884
      }
    },
    {
      "component_ids": [
        "FACTORY-e62a48e2d142923e",
        "FACTORY-fab94445f0b51fdf",
        "FACTORY-048d754979815760",
        "FACTORY-119d99f730b677f6"
      ],
      "robust_score": 565.16258552,
      "summary": {
        "average_abs_correlation": 0.17922697,
        "component_count": 4,
        "ex_best_net_return": 441.365636,
        "max_drawdown": -11.71999002,
        "stressed_net_return": 459.27561249,
        "top_component_contribution": 0.62387801,
        "total_net_return": 469.38561239,
        "train_net_return": 156.51929461,
        "validation_net_return": 312.86631778
      }
    },
    {
      "component_ids": [
        "FACTORY-e62a48e2d142923e",
        "FACTORY-fab94445f0b51fdf",
        "FACTORY-6a8afca3951761f9",
        "FACTORY-119d99f730b677f6"
      ],
      "robust_score": 554.66350122,
      "summary": {
        "average_abs_correlation": 0.17922697,
        "component_count": 4,
        "ex_best_net_return": 427.56584025,
        "max_drawdown": -12.314241,
        "stressed_net_return": 453.7556985,