component_id,dcfbeec9cf4c5190,ef3f1ebb21d03d5c,292441755c5ffdcc,7d30471f7325a2a8,f173207ae9bd5ccd,0dc08daefa67c12e
dcfbeec9cf4c5190,1.0,0.10339512166118062,0.06016930387255707,-0.03242618963566303,0.36678804115714886,0.057242607712231795
ef3f1ebb21d03d5c,0.10339512166118062,1.0,0.4248634045602079,-0.04594942515262613,-0.0019145225508201563,0.7761018953727794
292441755c5ffdcc,0.06016930387255707,0.4248634045602079,1.0,-0.02309840501221583,0.26505362393592213,0.3297100965004818
7d30471f7325a2a8,-0.03242618963566303,-0.04594942515262613,-0.02309840501221583,1.0,-0.011554081278801377,-0.030486150054177503
f173207ae9bd5ccd,0.36678804115714886,-0.0019145225508201563,0.26505362393592213,-0.011554081278801377,1.0,-0.00446287212541138
0dc08daefa67c12e,0.057242607712231795,0.7761018953727794,0.3297100965004818,-0.030486150054177503,-0.00446287212541138,1.0
